pinname,zeromin,zeromean,zeromax,dimmin,dimmax
2_Living_SpotMain,-3,13.475247524752476,52,-4,22861
2_Living_SpotWintergarden,4,12.254437869822485,45,1685,23426
1_Bed_SpotSmall,2,9.747534516765286,40,1776,23478
1_Bed_SpotBig,2,9.65748031496063,39,1632,23643
